id;parent_id;sort_order
1;;101
1;;101
1;;101
1;;101
1;;101
1;;101
1;;101
1;;101
2;;102
2;;102
2;;102
2;;102
2;;102
2;;102
2;;102
2;;102
3;;103
3;;103
3;;103
3;;103
3;;103
3;;103
3;;103
3;;103
4;;104
4;;104
4;;104
4;;104
4;;104
4;;104
4;;104
4;;104
5;;105
5;;105
5;;105
5;;105
5;;105
5;;105
5;;105
5;;105
6;;106
6;;106
6;;106
6;;106
6;;106
6;;106
6;;106
6;;106
7;;107
7;;107
7;;107
7;;107
7;;107
7;;107
7;;107
7;;107
8;;108
8;;108
8;;108
8;;108
8;;108
8;;108
8;;108
8;;108
9;;109
9;;109
9;;109
9;;109
9;;109
9;;109
9;;109
9;;109
10;;110
10;;110
10;;110
10;;110
10;;110
10;;110
10;;110
10;;110
11;;111
11;;111
11;;111
11;;111
11;;111
11;;111
11;;111
11;;111
12;;112
12;;112
12;;112
12;;112
12;;112
12;;112
12;;112
12;;112
13;;113
13;;113
13;;113
13;;113
13;;113
13;;113
13;;113
13;;113
14;;114
14;;114
14;;114
14;;114
14;;114
14;;114
14;;114
14;;114
15;;115
15;;115
15;;115
15;;115
15;;115
15;;115
15;;115
15;;115
16;;116
16;;116
16;;116
16;;116
16;;116
16;;116
16;;116
16;;116
17;;117
17;;117
17;;117
17;;117
17;;117
17;;117
17;;117
17;;117
18;;118
18;;118
18;;118
18;;118
18;;118
18;;118
18;;118
18;;118
19;;119
19;;119
19;;119
19;;119
19;;119
19;;119
19;;119
19;;119
20;;120
20;;120
20;;120
20;;120
20;;120
20;;120
20;;120
20;;120
21;;121
21;;121
21;;121
21;;121
21;;121
21;;121
21;;121
21;;121
22;15;122
22;15;122
22;15;122
22;15;122
22;15;122
22;15;122
22;15;122
22;15;122
23;15;123
23;15;123
23;15;123
23;15;123
23;15;123
23;15;123
23;15;123
23;15;123
24;1;124
24;1;124
24;1;124
24;1;124
24;1;124
24;1;124
24;1;124
24;1;124
25;1;125
25;1;125
25;1;125
25;1;125
25;1;125
25;1;125
25;1;125
25;1;125
26;1;126
26;1;126
26;1;126
26;1;126
26;1;126
26;1;126
26;1;126
26;1;126
27;1;127
27;1;127
27;1;127
27;1;127
27;1;127
27;1;127
27;1;127
27;1;127
28;1;128
28;1;128
28;1;128
28;1;128
28;1;128
28;1;128
28;1;128
28;1;128
29;3;129
29;3;129
29;3;129
29;3;129
29;3;129
29;3;129
29;3;129
29;3;129
30;3;130
30;3;130
30;3;130
30;3;130
30;3;130
30;3;130
30;3;130
30;3;130
31;3;131
31;3;131
31;3;131
31;3;131
31;3;131
31;3;131
31;3;131
31;3;131
32;3;132
32;3;132
32;3;132
32;3;132
32;3;132
32;3;132
32;3;132
32;3;132
33;3;133
33;3;133
33;3;133
33;3;133
33;3;133
33;3;133
33;3;133
33;3;133
34;14;134
34;14;134
34;14;134
34;14;134
34;14;134
34;14;134
34;14;134
34;14;134
35;14;135
35;14;135
35;14;135
35;14;135
35;14;135
35;14;135
35;14;135
35;14;135
36;14;136
36;14;136
36;14;136
36;14;136
36;14;136
36;14;136
36;14;136
36;14;136
40;16;140
40;16;140
40;16;140
40;16;140
40;16;140
40;16;140
40;16;140
40;16;140
41;16;141
41;16;141
41;16;141
41;16;141
41;16;141
41;16;141
41;16;141
41;16;141
42;16;142
42;16;142
42;16;142
42;16;142
42;16;142
42;16;142
42;16;142
42;16;142
43;16;143
43;16;143
43;16;143
43;16;143
43;16;143
43;16;143
43;16;143
43;16;143
44;16;144
44;16;144
44;16;144
44;16;144
44;16;144
44;16;144
44;16;144
44;16;144
45;19;145
45;19;145
45;19;145
45;19;145
45;19;145
45;19;145
45;19;145
45;19;145
46;19;146
46;19;146
46;19;146
46;19;146
46;19;146
46;19;146
46;19;146
46;19;146
47;19;147
47;19;147
47;19;147
47;19;147
47;19;147
47;19;147
47;19;147
47;19;147
48;19;148
48;19;148
48;19;148
48;19;148
48;19;148
48;19;148
48;19;148
48;19;148
49;20;149
49;20;149
49;20;149
49;20;149
49;20;149
49;20;149
49;20;149
49;20;149
50;20;150
50;20;150
50;20;150
50;20;150
50;20;150
50;20;150
50;20;150
50;20;150
